{"cameraMode":{"drawMode":0,"name":"Shaded","section":"Shading Mode"},"sceneLighting":true,"audioPlay":false,"sceneViewState":{"m_AlwaysRefresh":false,"showFog":true,"showSkybox":true,"showFlares":true,"showImageEffects":true,"showParticleSystems":true,"showVisualEffectGraphs":true,"m_FxEnabled":true},"in2DMode":false,"pivot":{"x":347.94073486328127,"y":21.394506454467775,"z":-926.8425903320313},"rotation":{"x":-0.004431330598890781,"y":0.9840070605278015,"z":-0.1793592870235443,"w":-0.02079559490084648},"size":154.6232147216797,"orthographic":false}